User id,Autor username,Autor displayname,Autor location,Fecha Creacion,Link,Verified,Followers,Following,Tweets
1671306579373686785,peladoMariano72,Aguante Militar ğŸ‡¦ğŸ‡·ğŸ˜¸ğŸ¦…ğŸ¦†ğŸ¦ğŸ¦ğŸšğŸ‡¸ğŸ‡®,Argentina,2023-06-20 23:59:09+00:00,https://twitter.com/peladoMariano72,False,9766,8390,10922
1518676109000290304,deleon_efe,Efe Deleon,,2022-04-25 19:39:58+00:00,https://twitter.com/deleon_efe,False,468,140,1385
62957739,eduardomenoni,Eduardo Menoni,Colombia/USA,2009-08-04 23:05:17+00:00,https://twitter.com/eduardomenoni,False,410162,948,70019
1311875449,medixi,MEDIXI,"ConcepciÃ³n, Chile",2013-03-28 22:20:17+00:00,https://twitter.com/medixi,False,25032,18569,533596
1326148545297133569,GabrielAraujoES,Gabriel AraÃºjo,Madrid,2020-11-10 13:04:03+00:00,https://twitter.com/GabrielAraujoES,False,12256,1680,4306
1248008369304219649,AlbertCarp4,Albert,"Villa Sarmiento, Argentina",2020-04-08 22:02:57+00:00,https://twitter.com/AlbertCarp4,False,15678,17232,51357
1532086837040267267,ernest2et,liberal libertario,,2022-06-01 19:49:26+00:00,https://twitter.com/ernest2et,False,2438,2035,4779
1159621845823479808,_rojilla,ğŸ¦•,Cellar Door,2019-08-09 00:26:07+00:00,https://twitter.com/_rojilla,False,2004,659,25385
429400896,vanessavallej0,Vanessa Vallejo,"Washington, DC",2011-12-05 22:49:42+00:00,https://twitter.com/vanessavallej0,False,148855,7701,26437
1401914041879220231,destapandolose1,ğŸŒEL GRAN DESPERTARğŸŒ,ğŸ‡ºğŸ‡¾UruguayğŸ‡ºğŸ‡¾,2021-06-07 14:52:24+00:00,https://twitter.com/destapandolose1,False,25669,685,19681
4883442501,realCarola2Hope,Carolina.,"California, USA",2016-02-07 00:58:53+00:00,https://twitter.com/realCarola2Hope,False,29278,1384,28103
1614392978889445378,ElTopDe,De,Bolivia ğŸ‡§ğŸ‡´,2023-01-14 22:44:48+00:00,https://twitter.com/ElTopDe,False,132,55,2656
4386656416,BrunMarion1,Brun Marion,,2015-12-05 20:30:49+00:00,https://twitter.com/BrunMarion1,False,19,64,1046
1057248206642384896,N_Trastamara,Noelia de TrastÃ¡mara,,2018-10-30 12:29:49+00:00,https://twitter.com/N_Trastamara,False,35828,1075,12887
1246506800268132352,ArgDiegote,ğŸ‡¦ğŸ‡·Diegote ğŸ“£ Democracia Republicana siempreâ€¼ï¸ğŸ›‘,Marte...o...ArgentinağŸ¤·,2020-04-04 18:36:13+00:00,https://twitter.com/ArgDiegote,False,7103,7715,18929
1412820739582050304,Romantico_CABJ,Romantico,,2021-07-07 17:08:16+00:00,https://twitter.com/Romantico_CABJ,False,1714,3048,2884
1233019266796072960,DonDrPr_4ever,_DON_ BAIRES_â­ï¸â­ï¸â­ï¸,"Manhattan, NY",2020-02-27 13:21:30+00:00,https://twitter.com/DonDrPr_4ever,False,15366,3989,65137
2494246627,JulioRazona,Julio Razona,Mar del Plata ,2014-05-14 14:08:21+00:00,https://twitter.com/JulioRazona,False,59039,5558,12753
1595318554844434433,CanalRed_TV,Canal Red,EspaÃ±a,2022-11-23 07:31:35+00:00,https://twitter.com/CanalRed_TV,False,94383,409,4106
1433057390535102473,FedeGarrido9,Fede Garrido,,2021-09-01 13:21:48+00:00,https://twitter.com/FedeGarrido9,False,27,130,4346
201957241,AnibalGarzon,AnÃ­bal GarzÃ³n ğŸŒ,"Terrassa, Barcelona",2010-10-13 00:33:01+00:00,https://twitter.com/AnibalGarzon,False,75165,2584,25070
1402413244313214979,FrancoWarthon,Franco Warthon,"Lima, Peru",2021-06-08 23:52:41+00:00,https://twitter.com/FrancoWarthon,False,60037,19338,5728
2192903628,rajyaatluri,rajya,"Los Angeles, CA",2013-11-13 20:43:10+00:00,https://twitter.com/rajyaatluri,False,4699,687,274
4831831859,NewsMilei,MILEI NEWS,Argentina,2016-01-21 05:24:28+00:00,https://twitter.com/NewsMilei,False,86,2,268
1589639118094536705,Elizabe91934169,Elizabeth Gabriela,,2022-11-07 15:22:48+00:00,https://twitter.com/Elizabe91934169,False,80,369,286
2221376059,L2_LaSegunda,La Segunda Seguros,B.G J.M. de Rosas 957 ROSARIO,2013-11-29 12:39:59+00:00,https://twitter.com/L2_LaSegunda,False,10061,2287,8161
192277622,GCDL,Gala DÃ­az Langou,Argentina,2010-09-18 17:41:22+00:00,https://twitter.com/GCDL,False,4495,2020,5120
1438541293,Javiergaciaisac,Javier GarcÃ­a Isac,"Gaza, Palestina ",2013-05-18 14:22:32+00:00,https://twitter.com/Javiergaciaisac,False,38152,817,98494
740964046392987648,jaracari86,JAVIER CALLE,"Lima, Peru ",2016-06-09 17:49:29+00:00,https://twitter.com/jaracari86,False,1248,2028,749
1401204200785256448,Alvasol_,Melani S,,2021-06-05 15:48:22+00:00,https://twitter.com/Alvasol_,False,8494,282,1223
188376648,JorRausch,Jorge Rausch McKenna,"Buenos Aires, Argentina",2010-09-08 15:53:08+00:00,https://twitter.com/JorRausch,False,24847,2601,203359
3700799482,unchasqui,Un Chasqui del Bicentenario,"Lima, Peru",2015-09-18 22:13:44+00:00,https://twitter.com/unchasqui,False,46321,1471,24065
89103388,ivaniz66,IvÃ¡n JesÃºs Izaguirre I.,,2009-11-11 04:07:13+00:00,https://twitter.com/ivaniz66,False,10309,7816,18389
1149821295112179713,liberalote912,thomas shelbyğŸ‡¦ğŸ‡· 56%,ParanÃ¡,2019-07-12 23:22:14+00:00,https://twitter.com/liberalote912,False,5559,2679,64597
33936362,Politica_ln,LA NACION PolÃ­tica,Argentina,2009-04-21 15:26:47+00:00,https://twitter.com/Politica_ln,False,210690,121,77889
1265760248167641088,orgullonaciona1,Orgullo Nacional,,2020-05-27 21:42:24+00:00,https://twitter.com/orgullonaciona1,False,9059,6797,14590
252743103,Onsterion,Onsterion,Argentina - Capital Federal,2011-02-15 20:30:08+00:00,https://twitter.com/Onsterion,False,168,246,633
408828513,tusmedios,TusMedios,EspaÃ±a,2011-11-09 23:06:52+00:00,https://twitter.com/tusmedios,False,7465,2951,4581
248760009,ernestosamperp,Ernesto Samper Pizano,Colombia,2011-02-07 17:28:15+00:00,https://twitter.com/ernestosamperp,False,400830,1353,21755
1631693514172932096,Trends_sv,Trends SV,Area 51,2023-03-03 16:30:36+00:00,https://twitter.com/Trends_sv,False,2197,12,482
39823635,FernanMartinez,FernÃ¡n Martinez,BogotÃ¡/Key Biscayne,2009-05-13 20:16:30+00:00,https://twitter.com/FernanMartinez,False,316744,5947,94185
9075022,RPPNoticias,RPP Noticias,"Lima, Peru",2007-09-24 18:45:40+00:00,https://twitter.com/RPPNoticias,False,3021425,565,614066
1597451437,LanaMontalban,Lana Montalban,Florida. USA,2013-07-16 03:39:02+00:00,https://twitter.com/LanaMontalban,False,71126,1342,86724
1007222892294262795,SkinBaronEN,SkinBaronEN,"Hof, Germany",2018-06-14 11:27:05+00:00,https://twitter.com/SkinBaronEN,False,101806,120,9862
1709954082146848769,BizAnyio,BusinessAnywhere,"Cheyenne, WY",2023-10-05 15:30:07+00:00,https://twitter.com/BizAnyio,False,324,15,21
23319842,renzorotta,duilio ğŸ¤”,,2009-03-08 15:48:41+00:00,https://twitter.com/renzorotta,False,2586,1370,51671
3994978780,relitobel,litobel,"Buenos Aires, Argentina",2015-10-19 14:01:42+00:00,https://twitter.com/relitobel,False,10478,11529,42074
1562584224833892355,mainnetz,MainnetZ,,2022-08-24 23:34:52+00:00,https://twitter.com/mainnetz,False,4711,23,140
3112540096,FranLaraMonge,Fran L & M,Varias,2015-03-25 01:58:49+00:00,https://twitter.com/FranLaraMonge,False,1408,1741,60231
1392054620,JulianMaciasT,JuliÃ¡n MacÃ­as Tovar,Madrid,2013-04-30 13:19:46+00:00,https://twitter.com/JulianMaciasT,False,159138,3101,25386
767377957807534080,AlexDestarac,Alex Destarac,,2016-08-21 15:08:57+00:00,https://twitter.com/AlexDestarac,False,471,512,1913
1288185869166354433,zona_libertaria,DamiÃ¡n Olsdal Urra,"Pirque, Chile",2020-07-28 18:53:46+00:00,https://twitter.com/zona_libertaria,False,12871,8642,20457
24952459,T13,T13,"Santiago, Chile",2009-03-17 20:54:09+00:00,https://twitter.com/T13,False,4080451,89847,731355
1251603504738828290,Inmortal_MVLL,âšœï¸Inmortal ğŸ‡µğŸ‡ªğŸ‡ºğŸ‡²ğŸ‡ºğŸ‡¦ğŸ‡¹ğŸ‡¼ğŸ‡®ğŸ‡±ğŸ³ï¸ğŸŒ,Rep. Independiente de Arequipa,2020-04-18 20:10:17+00:00,https://twitter.com/Inmortal_MVLL,False,2340,2553,13871
1599440115771867138,videitomanda,Memorex,,2022-12-04 16:27:18+00:00,https://twitter.com/videitomanda,False,4078,0,3810
217084090,ezekopel,Ezequiel Kopel,,2010-11-18 14:57:40+00:00,https://twitter.com/ezekopel,False,24888,228,87159
751644712570847236,timurkuran,Timur Kuran,"Durham, NC",2016-07-09 05:10:39+00:00,https://twitter.com/timurkuran,False,49349,595,20179
980096284957831169,fi1nance,V,"London, England",2018-03-31 14:55:38+00:00,https://twitter.com/fi1nance,False,75,107,216
73948999,EmmaRincon,Emmanuel RincÃ³n,"Miami, FL",2009-09-13 19:01:54+00:00,https://twitter.com/EmmaRincon,False,343502,896,80355
1590449003753197568,UltraderechaB,ğŸ‡§ğŸ‡´ UltraDerechaB ğŸ‡§ğŸ‡´,Bolivia,2022-11-09 20:59:46+00:00,https://twitter.com/UltraderechaB,False,999,760,8622
1161461618624159744,Haig_Nahabed,Haig_Nahabed ğŸ‡¦ğŸ‡·â­ï¸â­ï¸â­ï¸,C.A.B.A. ,2019-08-14 02:16:43+00:00,https://twitter.com/Haig_Nahabed,False,6676,6333,39361
1399337916866957312,StgoLibertad,Santiago Libertad,"Santiago, Chile",2021-05-31 12:17:27+00:00,https://twitter.com/StgoLibertad,False,1934,3144,42644
1066086493490479104,elarcaico,Dieguitos & Mafaldas,te sigue ,2018-11-23 21:50:01+00:00,https://twitter.com/elarcaico,False,28733,5158,38853
202303067,mmendoza_GT,Bertha Michelle Mendoza,Estados Unidos,2010-10-13 19:04:23+00:00,https://twitter.com/mmendoza_GT,False,152442,3634,46578
1118870005905534977,Guillermo_gva,GuillermoğŸ‡ªğŸ‡¸,"MÃ¡laga, EspaÃ±a",2019-04-18 13:32:51+00:00,https://twitter.com/Guillermo_gva,False,8448,8042,22891
761003403451457540,guilleBolon,Guille BolÃ³n #59155,,2016-08-04 00:58:45+00:00,https://twitter.com/guilleBolon,False,649,887,12664
33989170,LANACION,LA NACION,Argentina,2009-04-21 18:21:44+00:00,https://twitter.com/LANACION,False,4023131,236,518706
257548757,Karblack19,Karblack,,2011-02-25 17:23:12+00:00,https://twitter.com/Karblack19,False,12470,1933,26678
1726790411585277952,CoralAINews,Coral AI News,,2023-11-21 02:32:05+00:00,https://twitter.com/CoralAINews,False,122,2,0
138146268,RachelHolway,Rachel Holway,Planeta Tierra,2010-04-28 19:09:09+00:00,https://twitter.com/RachelHolway,False,16946,17111,123265
41754671,nueveddiciembre,la Ãºnica verdad es la realidad, ig:nueveddiciembre,2009-05-22 04:42:27+00:00,https://twitter.com/nueveddiciembre,False,8281,6750,36261
4918728173,R3i_Foundation,R3i Foundation,,2016-02-16 09:51:08+00:00,https://twitter.com/R3i_Foundation,False,5157,216,976
832429356278505472,Stracof_Zero,StracofZero del 56%,"La Plata, Argentina",2017-02-17 03:19:59+00:00,https://twitter.com/Stracof_Zero,False,1904,24,5326
1445994176814981122,zabdielmorale11,Zabdiel î¨€,perrolol,2021-10-07 06:07:45+00:00,https://twitter.com/zabdielmorale11,False,398,354,17491
117139906,victorhponce,Victor Ponce ğŸ‡µğŸ‡ªğŸ‡±ğŸ‡·ğŸ‡¦ğŸ‡·ğŸ‡ªğŸ‡¨ğŸ‡¨ğŸ‡±ğŸ‡ªğŸ‡¦ğŸ‡©ğŸ‡¬,"Lima, Peru",2010-02-24 17:21:10+00:00,https://twitter.com/victorhponce,False,13869,3963,268802
1583979821620760577,RafaelAyau,Rafael Ayau,Fuera de la Matrix ,2022-10-23 00:33:25+00:00,https://twitter.com/RafaelAyau,False,2638,1463,16403
831024505,eugetale,Maria Eugenia Talerico,,2012-09-18 13:05:05+00:00,https://twitter.com/eugetale,False,52912,9262,16166
36760987,Ramnier,Ramnier,Venezuela,2009-04-30 20:21:21+00:00,https://twitter.com/Ramnier,False,32708,388,24930
175273213,AgustinLaje,AgustÃ­n Laje,Argentina,2010-08-06 04:15:57+00:00,https://twitter.com/AgustinLaje,False,781514,5614,28833
1298669262958145537,Nikousedaghat_,Nikou Sedaghat ğŸ§‘â€âš–ï¸ğŸ‡¨ğŸ‡´ es ğŸ‡®ğŸ‡±,"Barranquilla, Colombia",2020-08-26 17:11:19+00:00,https://twitter.com/Nikousedaghat_,False,16642,17409,19130
954566096,pblcabj,#NoSoyNeutral,CABA - ARGENTINA,2012-11-18 00:27:17+00:00,https://twitter.com/pblcabj,False,41923,45362,113705
1458909953423458309,NandoCastroTV1,Mathias PÃ©rez,"Montevideo, Uruguay",2021-11-11 21:30:37+00:00,https://twitter.com/NandoCastroTV1,False,3,28,107
67029434,anugafoodtec,Anuga FoodTec,Cologne,2009-08-19 15:35:38+00:00,https://twitter.com/anugafoodtec,False,4497,519,1929
56183126,vozdeltuit,Mario Rosales,Guatemala,2009-07-12 20:30:26+00:00,https://twitter.com/vozdeltuit,False,40801,2582,57334
1154488849805893632,CubaAndry,Andry Cuba,,2019-07-25 20:29:25+00:00,https://twitter.com/CubaAndry,False,1999,4840,10627
1134938994138071046,guarodaniel9,El guaro Daniel.,,2019-06-01 21:45:17+00:00,https://twitter.com/guarodaniel9,False,60954,57392,164368
633237375,JosRodney,ANÃLISIS SUR,Pto. Ordaz - Edo. BolÃ­var ,2012-07-11 19:33:35+00:00,https://twitter.com/JosRodney,False,3417,3477,52875
1344772399447867392,MikyRodriguezO1,ğŸ‡¨ğŸ‡´ MikyRodrÃ­guezOficial,,2020-12-31 22:28:40+00:00,https://twitter.com/MikyRodriguezO1,False,7076,3535,23829
1226879826277126144,indignadoxd,INDIGNADO,,2020-02-10 14:45:28+00:00,https://twitter.com/indignadoxd,False,182650,684,6159
1326338988186152960,gastonoyarzun2,ğŸ‡¨ğŸ‡± Erwin Pempelfort ğŸ‡©ğŸ‡ª,Valdivia - Chile,2020-11-11 01:40:43+00:00,https://twitter.com/gastonoyarzun2,False,15689,7917,39200
633615711,hshetemul,Haroldo Shetemul,,2012-07-12 07:10:35+00:00,https://twitter.com/hshetemul,False,19867,506,26691
1625912542668128258,noti_radio,NotiRadio,,2023-02-15 17:39:01+00:00,https://twitter.com/noti_radio,False,12,12,688
919677972398960645,edit_iris,Iris E. Soto,Ciudad AutÃ³noma de Bs. Aires,2017-10-15 21:34:50+00:00,https://twitter.com/edit_iris,False,9598,7369,223692
1243427278891020288,RealRodrigoPolo,Rodrigo Polo,,2020-03-27 06:39:25+00:00,https://twitter.com/RealRodrigoPolo,False,11165,616,121638
1063940185300365312,AliciaLissidini,Alicia Lissidini,RÃ­o de la Plata ,2018-11-17 23:41:22+00:00,https://twitter.com/AliciaLissidini,False,1661,2993,3549
44492903,fisadev,Juan Pedro Fisanotti,Pale blue dot,2009-06-03 23:50:23+00:00,https://twitter.com/fisadev,False,3227,977,42578
4020276615,JMilei,Javier Milei,"Buenos Aires, Argentina",2015-10-22 23:47:47+00:00,https://twitter.com/JMilei,False,1925060,1126,219249
948868600819060736,egy_md,EgyMD,Egypt,2018-01-04 10:47:58+00:00,https://twitter.com/egy_md,False,1188,1518,138
1461090928081391619,CarloR_huacho12,Carlos Ramos,,2021-11-17 21:57:27+00:00,https://twitter.com/CarloR_huacho12,False,1447,3914,10597
46962915,JesusDValery,JesÃºs Delgado Valery,"Buenos Aires, Argentina",2009-06-13 21:02:32+00:00,https://twitter.com/JesusDValery,False,2717,4964,23197
1423295100,TransparenciaAL,Transparencia Electoral,"Buenos Aires, Argentina",2013-05-12 14:50:39+00:00,https://twitter.com/TransparenciaAL,False,7941,412,13500
3129768538,Tele13_Radio,Tele13 Radio,Chile,2015-03-30 19:30:32+00:00,https://twitter.com/Tele13_Radio,False,154338,8205,481214
30509597,buelax,Robert Bullon,,2009-04-11 19:44:17+00:00,https://twitter.com/buelax,False,175,997,1429
218728050,LOKI747,JJChagerben,Tu mente. ,2010-11-23 03:17:17+00:00,https://twitter.com/LOKI747,False,3359,660,10103
720786569792253952,evoespueblo,Evo Morales Ayma,,2016-04-15 01:31:24+00:00,https://twitter.com/evoespueblo,False,1356235,37,21510
904825155788013568,fabtcg,Flesh and Blood,,2017-09-04 21:55:02+00:00,https://twitter.com/fabtcg,False,18421,11,2706
1504971248278937603,VozMediaUSA,VOZ,USA,2022-03-19 00:01:35+00:00,https://twitter.com/VozMediaUSA,False,6879,836,30066
1277392220870586376,DiazGonzalo55,Gonzalo DÃ­az,,2020-06-29 00:03:41+00:00,https://twitter.com/DiazGonzalo55,False,11575,7759,67180
956767298139893760,carolina_moine,Carolina Moine,Ciudad AutÃ³noma de Buenos Aire,2018-01-26 05:54:34+00:00,https://twitter.com/carolina_moine,False,41984,16857,126627
1483227220722204675,DrB10ckchain,Doctor Blockchain,,2022-01-17 23:58:40+00:00,https://twitter.com/DrB10ckchain,False,288,1069,8123
1126939128464121856,Lufer65565270,Lufer,,2019-05-10 19:56:40+00:00,https://twitter.com/Lufer65565270,False,1001,940,15872
1299523510373621762,DigitalNewsQR,Digital News QR,Quintana Roo,2020-08-29 01:45:35+00:00,https://twitter.com/DigitalNewsQR,False,1385,3713,22349
1517183801281159168,MIsabelOrtega40,Mariela Ortega,,2022-04-21 16:50:02+00:00,https://twitter.com/MIsabelOrtega40,False,23,84,3064
54305566,CesarPerezVivas,CÃ©sar PÃ©rez Vivas,"La Grita, TÃ¡chira | Venezuela ",2009-07-06 19:29:38+00:00,https://twitter.com/CesarPerezVivas,False,197519,2731,21584
226953533,alexmolinamgt,Alex Molina ğŸ‡¬ğŸ‡¹,"Guatemala, Guatemala",2010-12-15 14:31:30+00:00,https://twitter.com/alexmolinamgt,False,805,92,42849
592730371,JackPosobiec,Jack Poso ğŸ‡ºğŸ‡¸,,2012-05-28 13:31:22+00:00,https://twitter.com/JackPosobiec,False,2365699,978,197208
2360818719,donramovaldez8,Don RamÃ³n,AmÃ©rica Latina. ,2014-02-23 13:16:45+00:00,https://twitter.com/donramovaldez8,False,56,92,1329
1612645487663783936,orlando21886673,orlando segura,,2023-01-10 03:00:33+00:00,https://twitter.com/orlando21886673,False,4151,4954,3082
28191953,ABCDigital,ABC Digital,"AsunciÃ³n, Paraguay",2009-04-01 20:49:43+00:00,https://twitter.com/ABCDigital,False,1352169,99,322816
1700260540369526784,Jhoanromerofv,Jhoan Manuel,"Calabozo, Venezuela",2023-09-08 21:31:27+00:00,https://twitter.com/Jhoanromerofv,False,8,33,344
4142814507,ARGprovincia25,ARGprovincia25,,2015-11-08 16:23:07+00:00,https://twitter.com/ARGprovincia25,False,4010,2443,12334
897518742942490624,lorstar08,El Hater De Tuiter,,2017-08-15 18:01:58+00:00,https://twitter.com/lorstar08,False,113,587,2187
1299067968425517059,MODO_Arg,MODO,"Buenos Aires, Argentina",2020-08-27 19:35:30+00:00,https://twitter.com/MODO_Arg,False,11048,17,6510
307926590,gabolibertarian,Gabriel Garcia Alvarez,Santa Cruz/Bolivia,2011-05-30 14:48:44+00:00,https://twitter.com/gabolibertarian,False,217,532,2774
1619565310868131841,FuerzaVecinalCG,FuerzaVecinalCG,"Calabozo, Venezuela",2023-01-29 05:17:38+00:00,https://twitter.com/FuerzaVecinalCG,False,73,75,1453
1067417618007633920,almanieIsen,áµƒË¡áµáµƒ,,2018-11-27 13:59:26+00:00,https://twitter.com/almanieIsen,False,414,421,34260
367933714,rquiroga777,Rodrigo Quiroga ğŸ”¬,"CÃ³rdoba, Argentina",2011-09-04 20:13:06+00:00,https://twitter.com/rquiroga777,False,47642,5753,39315
114540325,facucruz,Facu Cruz,"La Paternal, CABA",2010-02-15 19:24:28+00:00,https://twitter.com/facucruz,False,11188,2716,26795
562186679,ixXFelixXxi,Felix,,2012-04-24 17:13:04+00:00,https://twitter.com/ixXFelixXxi,False,27,12,1049
1681746898464436224,DanielGorosit07,Daniel Gorosito,Argentina,2023-07-19 19:25:18+00:00,https://twitter.com/DanielGorosit07,False,0,0,98
4809347241,Maraalm_,Maraalm ğŸ’œğŸŒ»,Bolivia ,2016-01-15 01:17:17+00:00,https://twitter.com/Maraalm_,False,2431,685,18718
200667030,alsersocimo,Alberto SersÃ²cimo,,2010-10-09 22:35:10+00:00,https://twitter.com/alsersocimo,False,1297,1863,51951
240123335,heroudr,heroud ramos,PerÃº,2011-01-19 06:04:16+00:00,https://twitter.com/heroudr,False,94,35,10978
1055641503119405057,MicaCalderoni,mica,"Ramos MejÃ­a, Argentina",2018-10-26 02:05:22+00:00,https://twitter.com/MicaCalderoni,False,235,443,5997
158844569,Bayeksito,Bayek ğŸ¦…ğŸ‡¦ğŸ‡·,,2010-06-23 20:20:47+00:00,https://twitter.com/Bayeksito,False,327,1097,15780
372758057,giomuntor,giomuntor,,2011-09-13 11:05:14+00:00,https://twitter.com/giomuntor,False,142,62,9009
494574419,cris_in,cris â­â­â­,Ciudad AutÃ³noma de Buenos Aire,2012-02-17 01:35:16+00:00,https://twitter.com/cris_in,False,626,1499,21166
1512747603808636934,raulmaestresm,@RaulMaestres,,2022-04-09 11:02:22+00:00,https://twitter.com/raulmaestresm,False,1013,1064,5202
521004324,SaGarcesCorrea,Santi GarcÃ©s Correa,Â¿En quÃ© parte del mundo estÃ¡s?,2012-03-11 04:29:15+00:00,https://twitter.com/SaGarcesCorrea,False,2424,4998,25981
1671706599868465153,GusanonXL,GUSANON LAWTON,,2023-06-22 02:28:51+00:00,https://twitter.com/GusanonXL,False,21,104,674
993139225,jasosno,Javier Sosnowski,Spain - Poland,2012-12-06 14:02:03+00:00,https://twitter.com/jasosno,False,975,3185,6808
1614015389104586752,RDiosmel2,Diosmel Rodriguez Vega,"Port LaBelle, FL",2023-01-13 21:45:12+00:00,https://twitter.com/RDiosmel2,False,121,534,430
1401233845337440266,coralai_,Coral AI,,2021-06-05 17:46:25+00:00,https://twitter.com/coralai_,False,691,0,0
631962224,CristoBrown,Cristian Bruno,,2012-07-10 13:02:40+00:00,https://twitter.com/CristoBrown,False,27,71,114
28779345,CangurSedicios,CangurSediciÃ³s âœ¯ â˜­ ğŸ‡¨ğŸ‡ºğŸ‡µğŸ‡¸ğŸ‡ªğŸ‡­ğŸ‡·ğŸ‡ºğŸ‡¨ğŸ‡³ğŸ‡·ğŸ‡¸ğŸ”»ğŸ¦˜,"||â˜…||Barcelona, Catalunya â˜­â˜…â™€ï¸",2009-04-04 11:46:25+00:00,https://twitter.com/CangurSedicios,False,2554,4997,188121
1361984828,electo_mania,EM-electomania.es,,2013-04-18 13:51:14+00:00,https://twitter.com/electo_mania,False,139011,6967,84599
624143,LeoPiccioli,Leo Piccioli,Unite a +50000 lÃ­deres â†’,2007-01-11 02:59:12+00:00,https://twitter.com/LeoPiccioli,False,222659,4187,50414
64210834,crispetersen,Cristian Petersen,,2009-08-09 17:15:10+00:00,https://twitter.com/crispetersen,False,206,1857,9161
77644523,dbg_bo,Diego Bracamonte G Ù†,"La Paz, Bolivia",2009-09-27 03:03:59+00:00,https://twitter.com/dbg_bo,False,2290,1567,31025
209211598,patoujas,Pablo Toujas,Buenos Aires,2010-10-28 18:48:00+00:00,https://twitter.com/patoujas,False,1423,3261,9087
583455106,r3n3strada,Orgulloso de ser ChapÃ­n ! ğŸ‡¬ğŸ‡¹ H777,Guatemala,2012-05-18 04:17:06+00:00,https://twitter.com/r3n3strada,False,3521,972,55669
143557587,mberroteran,Marcos J. BerroterÃ¡n,,2010-05-13 20:10:36+00:00,https://twitter.com/mberroteran,False,102,370,3224
374699026,agusantonetti,AgustÃ­n Antonetti,"Miami, FL",2011-09-16 19:37:17+00:00,https://twitter.com/agusantonetti,False,248986,996,34206
2912798056,_sonetos,ğŸ•Šï¸ OriÃ³n ğŸ•›,,2014-12-09 14:21:51+00:00,https://twitter.com/_sonetos,False,928,1008,25027
1643681722435870730,MariaLe00654302,Maria Lehmann,,2023-04-05 18:27:31+00:00,https://twitter.com/MariaLe00654302,False,56,352,1798
1389987274532786178,Varth_Dater,Varth Dater,Madrid-Donostia,2021-05-05 16:56:15+00:00,https://twitter.com/Varth_Dater,False,696,665,12289
1010748838859169792,chinagarciia,China ğŸŒ¸,,2018-06-24 04:57:56+00:00,https://twitter.com/chinagarciia,False,134,187,3307
1188928884840062978,JuanPuebloLibre,Juan Pueblo,,2019-10-28 21:22:09+00:00,https://twitter.com/JuanPuebloLibre,False,1850,1944,14934
3436688211,x13ozz,Tomek k,,2015-08-23 13:56:02+00:00,https://twitter.com/x13ozz,False,28,75,1046
1631476865553637376,PNeoliberalMx,P@rtid0 Neoliberal,,2023-03-03 02:09:47+00:00,https://twitter.com/PNeoliberalMx,False,990,1389,4959
2756462153,Starkiller8844,Starkiller.,,2014-08-30 23:43:23+00:00,https://twitter.com/Starkiller8844,False,14,116,233
109807316,VeroRamRan,VerÃ³nica RamÃ­rez ğŸ’™ ğŸ•Šï¸â˜®ï¸,,2010-01-30 09:52:02+00:00,https://twitter.com/VeroRamRan,False,979,983,34267
1537244259887239168,GRACE98141875,GRACE DEAR ğŸ‡¦ğŸ‡·ğŸ‡°ğŸ‡¿,Tortuguitas Buenos Aires Argen,2022-06-16 01:23:29+00:00,https://twitter.com/GRACE98141875,False,456,820,1283
1529159576712581122,peladodea24,El pelado de A24,Parody,2022-05-24 17:57:25+00:00,https://twitter.com/peladodea24,False,92340,90,3649
2999020971,MiArgentinaViva,MI ARGENTINA VIVA,,2015-01-26 02:19:29+00:00,https://twitter.com/MiArgentinaViva,False,10091,9481,47923
492682550,LuzAlbelo,Sensei Luz Jimenez,"Puerto Rico, USA",2012-02-15 00:36:08+00:00,https://twitter.com/LuzAlbelo,False,862,1109,57767
1078433962354184192,OldArg1810,Argentina en la Memoria,"Buenos Aires, Argentina",2018-12-27 23:34:27+00:00,https://twitter.com/OldArg1810,False,53786,100,6083
1617941507163447296,LifestyleLatino,Lifestyle Latino,United States,2023-01-24 17:45:20+00:00,https://twitter.com/LifestyleLatino,False,16984,6,4
1199062485824880645,11Migueloscar28,MIGUELOSCAR28/11,,2019-11-25 20:29:23+00:00,https://twitter.com/11Migueloscar28,False,42,145,3499
103669099,Vasquez_Leon,Vasquez_Leon,,2010-01-10 21:17:54+00:00,https://twitter.com/Vasquez_Leon,False,553,275,13386
177744085,marcela94925,Marcela Evans,,2010-08-12 23:34:22+00:00,https://twitter.com/marcela94925,False,3283,4907,46886
983177461,Marcela_Feraud,ğ•„ğ•’ğ•£ğ•©ğ•–ğ•ğ•’ ğ•”ğ• ğ•Ÿ ğ•,En el corazÃ³n de MÃ©xico ğŸ‡²ğŸ‡½,2012-12-01 19:20:15+00:00,https://twitter.com/Marcela_Feraud,False,58146,8181,173672
852185816793313280,AndyMPok,ğŸ¯ Andy del 56% âš–ï¸,,2017-04-12 15:45:06+00:00,https://twitter.com/AndyMPok,False,2658,1731,100439
281729220,Wiga_Wings,Wings_4_Environment,,2011-04-13 21:17:19+00:00,https://twitter.com/Wiga_Wings,False,217,283,4278
1566165882,binilini1,Joshua Herrmann,,2013-07-03 16:41:59+00:00,https://twitter.com/binilini1,False,32,46,1021
1641081700284284931,CesarAFerrer1,Cesar Augusto Ferrer,United States,2023-03-29 14:16:03+00:00,https://twitter.com/CesarAFerrer1,False,136,114,25239
1559658341911203841,FloresJuberias,Carlos Flores JuberÃ­as,Valencia (EspaÃ±a / Spain),2022-08-16 21:48:58+00:00,https://twitter.com/FloresJuberias,False,13681,295,7851
1553567245800034304,Wagmicomp,Wagmi Competition,ğŸŸï¸,2022-07-31 02:26:38+00:00,https://twitter.com/Wagmicomp,False,1351,81,58
183620649,Prof_F_Nazar,Prof. F. Nazar,Earth... most of the time =),2010-08-27 13:25:37+00:00,https://twitter.com/Prof_F_Nazar,False,209,569,2616
149901702,fedetiberti,Federico Tiberti,"Princeton, NJ",2010-05-30 14:45:08+00:00,https://twitter.com/fedetiberti,False,26816,1996,24241
